month,division,line,num_passengers,additional platform time,additional train time,total_apt,total_att,over_five_mins
2023-10-01,B DIVISION,E,7882217.3,1.224650638,0.5458883895,9644643.297,4272768.9612,1196163.7
2023-10-01,B DIVISION,C,5152103.2,1.5951849055,0.5172089675,8212485.871,2691688.685,999452.7
2023-03-01,B DIVISION,E,7840908.8,1.315474875,0.733464686,10261936.576,5630795.805,1370830.7
2023-05-01,A DIVISION,7,9603416.6,0.894958646,0.346926585,8560979.95,3299958.022,1013633.9
2023-12-01,B DIVISION,F,9230686.7,1.8541777075,0.447335514,17077770.462,3985577.436,1957470
2023-03-01,A DIVISION,3,5146039.3,0.9569241165,0.313716762,4905756.173,1627999.1247,547825.3
2023-02-01,B DIVISION,G,2426696.4,0.9938104125,0.6736759645,2416919.262,1599543.4704,412622.3
2023-05-01,B DIVISION,S Rock,40781.8,0.7615439215,-0.933639868,30071.0365,-37753.2755,3611.9
2023-03-01,A DIVISION,1,10370827.1,0.8667775325,0.611784528,8986014.929,6308530.987,999856.9
2023-07-01,B DIVISION,D,5428915.9,1.643951422,0.643002207,8945052.336,3491562.382,1228420
2023-09-01,B DIVISION,S Rock,63910.3,1.0853807175,-0.823143271,69823.868,-48224.65867,6335.1
2023-05-01,B DIVISION,E,7692246,1.38236824,0.8028454975,10667101.162,6076644.432,1422692.5
2023-03-01,A DIVISION,4,7527002.1,0.8993403495,0.4344192515,6740143.956,3303089.698,895571.1
2023-07-01,B DIVISION,B,4532522,1.8543253335,0.7376702925,8342753.577,3383543.21,1048823.6
2023-04-01,B DIVISION,E,6756204.5,1.10876447,0.6794496775,7466382.8,4487313.4188,1116240
2023-11-01,B DIVISION,Q,6843799,1.446150086,0.2793115145,9940033.632,1982637.607,1365066.7
2023-11-01,B DIVISION,G,3097803,1.1665162735,0.767332585,3627069.873,2352805.647,564452.9
2023-05-01,B DIVISION,A,8202505.5,1.3393731085,0.944889159,11008999.955,7685143.563,1573177.2
2023-06-01,A DIVISION,3,5267355.4,0.991763329,0.204282069,5267508.092,1067191.4772,523106.1
2023-05-01,A DIVISION,3,5118161.7,0.9856650565,0.342870607,5003884.475,1783168.1837,565986.2
2023-03-01,B DIVISION,N,5264367.4,1.4971648545,0.746632211,7872939.762,3832713.03,978203.8
2023-05-01,A DIVISION,4,8224177,0.951595504,0.4013135845,7832008.803,3317225.463,1009952.9
2023-04-01,B DIVISION,C,4140676.3,1.5059974135,0.4503100465,6237139.478,1908779.906,686614.7
2023-12-01,A DIVISION,1,10095197.3,1.1790715935,0.742109093,11902325.297,7458163.982,1336267.1
2023-01-01,B DIVISION,S Rock,39508.2,0.687962229,-0.9271381525,26832.31016,-36830.06484,3431.6
2023-02-01,A DIVISION,4,5963894.3,1.065393268,0.3000239295,6357088.132,1783163.8697,704742.9
2023-07-01,Systemwide,Systemwide,127050651.8,1.296703608,0.440311694,164747038.6,55941887.72,19407334.2
2023-03-01,A DIVISION,5,6124255.5,0.9870503875,0.5013589625,5975634.582,2948405.046,764260.5
2023-01-01,B DIVISION,Q,6444530.8,1.2629356475,0.521124756,8137429.064,3363203.379,1178291.8
2023-01-01,A DIVISION,1,9893180.3,0.9992752235,0.637132142,9914019.632,6304702.15,981412.2
2023-07-01,A DIVISION,3,4774748.3,0.9428717255,0.316613686,4486576.418,1492055.7152,526420.3
2023-09-01,B DIVISION,B,4071741.4,1.884671272,0.9019960895,7660657.847,3755200.841,962454.1
2023-05-01,B DIVISION,Q,6937422.2,1.3756717025,0.5241673545,9538959.005,3648818.406,1356955.4
2023-04-01,B DIVISION,Q,6183307.3,1.302253623,0.5469837725,8051037.889,3386804.277,1152951
2023-09-01,A DIVISION,7,7768799.9,0.944850553,0.5353554015,7306495.375,4130317.16,770626.7
2023-03-01,A DIVISION,2,6588716.6,1.202582921,0.3565006375,7880441.853,2268368.1177,887583.3
2023-07-01,A DIVISION,S 42nd,722744,0.557834836,-0.102842559,392703.3546,-73836.03033,10351.8
2023-01-01,B DIVISION,E,7234318.6,1.13294363,0.459154437,8181857.801,3262902.1852,1086761.6
2023-09-01,B DIVISION,L,4963801.8,0.619209023,0.5685487385,3071553.466,2825668.78,353142.1
2023-10-01,B DIVISION,L,6703245.2,0.811783602,0.5513651225,5438219.827,3694016.635,496129.9
2023-07-01,B DIVISION,M,3998008,1.9478652965,0.140373627,7754017.495,563205.008,863628.3
2023-06-01,A DIVISION,5,6141096.4,0.9759199025,0.1885062365,5911597.527,1055955.8125,678634.2
2023-11-01,B DIVISION,S Fkln,378655.2,0.9535023075,-0.005631911,361287.977,-2142.3785,17850.8
2023-04-01,B DIVISION,G,2758458.5,1.025074404,0.6837128725,2824848.357,1854425.6275,483218.2
2023-05-01,B DIVISION,C,4717725.8,1.764450318,0.6067484525,8305368.889,2897804.008,882882.6
2023-12-01,B DIVISION,W,2874116.6,1.2462099675,0.285917622,3587496.246,797330.2437,394224.3
2023-11-01,A DIVISION,5,6174103,1.1423413755,0.237713591,6959733.129,1284972.13183,730559.8
2023-11-01,A DIVISION,S 42nd,793650.9,0.4504783,-0.106410459,355156.5671,-84833.80683,7835.5
2023-06-01,B DIVISION,G,2933896.5,1.095470918,0.6715568285,3214963.705,1939313.6722,528331.7
2023-02-01,B DIVISION,R,6188548.8,1.6402078085,0.136003728,10141186.218,840691.3021,1172494.3
2023-08-01,A DIVISION,1,10254752,1.952626038,0.7324394825,20018510.369,7511413.593,1230350.2
2023-12-01,B DIVISION,L,6026472,1.223187253,0.471559531,7382521.904,2835761.388,528866.6
2023-01-01,B DIVISION,A,7386710.8,1.2957733485,0.8656532045,9474533.124,6307188.287,1409316.9
2023-07-01,A DIVISION,6,9869219.9,1.127862032,0.5574907,11150590.279,5507736.659,1061748
2023-05-01,B DIVISION,G,2999148,1.633650731,0.749062726,4803301.301,2215365.4388,569773.6
2023-07-01,B DIVISION,E,7330448.3,1.1825676975,0.5326360485,8645853.275,3786579.4602,1185565
2023-09-01,A DIVISION,6,8232320.2,1.1950527965,0.732365078,9856171.536,6057203.193,1055739.3
2023-01-01,B DIVISION,R,7220894.2,1.4791157795,0.0710559135,10648823.616,501589.9475,1280136.2
2023-09-01,B DIVISION,N,4076606.8,1.5038104375,0.722546128,6149712.017,2942165.241,812771.1
2023-07-01,B DIVISION,R,7364617.1,1.7394934155,0.1159929365,12774726.335,843610.4163,1502147.7
2023-08-01,B DIVISION,G,2873426.3,1.186102039,0.6495255605,3408445.747,1854459.5732,502025.8
2023-07-01,B DIVISION,N,4755483.9,1.6933467375,0.562974005,8035606.783,2689209.73,962606.7
2023-05-01,A DIVISION,2,6738062.3,1.1988676035,0.3557642635,8037972.781,2356679.8417,916759.7
2023-12-01,B DIVISION,R,8776642.7,1.9587637125,0.088436173,17136064.615,738061.0689,1910968.2
2023-02-01,B DIVISION,L,4994098.7,0.6902282045,0.485366764,3456103.368,2418336.124,327772.8
2023-06-01,A DIVISION,6,11013322,0.9174540445,0.460490932,10086358.439,5077202.006,943783.2
2023-01-01,Systemwide,Systemwide,128361745.6,1.212993583,0.473757826,155701973.8,60812381.6,18295465.3
2023-11-01,A DIVISION,1,10759914,0.9767615055,0.709867904,10520728.165,7643595.149,1209257.2
2023-05-01,Systemwide,Systemwide,138789450,1.293491951,0.55140085,179523036.5,76528620.71,21731661.4
2023-04-01,B DIVISION,JZ,2730550.7,1.127545091,0.198034443,3073543.067,543112.212,443422.5
2023-04-01,B DIVISION,S Fkln,351312,0.6557721115,0.067269466,229324.59687,23589.73584,12862.5
2023-01-01,B DIVISION,D,5566368.9,1.441143323,0.6429243995,8054698.041,3591921.333,1199132.4
2023-11-01,B DIVISION,JZ,2868624,1.8451784855,0.5745245095,5245860.54,1640774.6422,563458.8
2023-04-01,A DIVISION,S 42nd,677098,0.450572354,-0.0979840485,299262.7248,-66344.34766,7220.6
2023-03-01,B DIVISION,L,6344707.1,1.1150689895,0.8370878895,7066527.819,5292551.181,633567.9
2023-04-01,A DIVISION,5,5341493.9,1.0001714675,0.321899853,5262440.923,1638775.685,631358.4
2023-10-01,B DIVISION,R,9341857.9,1.4538793715,0.145080511,13566890.611,1366820.0055,1650930.1
2023-02-01,B DIVISION,C,3457977.9,1.5711010155,0.5091756495,5432419.432,1764604.2473,621576
2023-07-01,B DIVISION,C,4338827,1.65359704,0.4544465125,7181627.054,2037715.487,789973.6
2023-02-01,A DIVISION,2,5531342.6,1.0649777225,0.303199195,5832013.854,1619687.2054,680670.5
2023-09-01,B DIVISION,Q,5713530.6,1.45720404,0.6288407605,8325934.557,3590185.588,1215479.6
2023-05-01,A DIVISION,1,10469400.9,0.9799192485,0.6559488465,10258835.226,6858568.058,1123925.9
2023-02-01,A DIVISION,S 42nd,598906.6,0.4598201875,-0.097755947,263983.0121,-57868.88033,6266.2
2023-03-01,B DIVISION,G,3094178.3,1.0039237675,0.723837805,3124213.48,2178850.5943,540108.1
2023-03-01,A DIVISION,7,9486777.4,1.3602251935,0.667674317,13128024.449,6371875.209,1094497.9
2023-11-01,B DIVISION,R,8939364,1.3523531215,0.0645193145,12038971.918,545872.7858,1533121.9
2023-09-01,B DIVISION,F,7351597.7,1.410656764,0.637015637,10323618.754,4646960.741,1458732.5
2023-12-01,A DIVISION,7,8352222,1.5591979305,0.8742202965,13057906.311,7300850.914,1203705.7
2023-04-01,B DIVISION,B,4332481,1.454499955,0.7370245105,6191837.179,3124784.425,820854.3
2023-12-01,A DIVISION,6,10452768.9,1.44846456,0.8140784895,15211700.748,8579773.322,1585456.3
2023-11-01,Systemwide,Systemwide,139000000,1.217634206,0.486487377,169819868.2,67848966.34,20984772.5
2023-07-01,A DIVISION,1,9483578.7,0.9744269055,0.655446404,9228474.064,6192281.296,1002678
2023-11-01,A DIVISION,4,7884944,0.903951879,0.324131808,7122950.263,2537724.7755,892769.2
2023-11-01,B DIVISION,B,5065836,1.5537392765,0.7257567535,8020969.003,3923913.7437,1143086.6
2023-02-01,A DIVISION,6,6789145.1,1.0589722005,0.556033014,7196961.718,3813432.496,734112.2
2023-09-01,B DIVISION,W,2413789.1,1.1498150725,0.2609612735,2777158.637,630182.484,299921.7
2023-09-01,A DIVISION,4,6093137.1,0.9708923315,0.442338627,5916019.951,2694917.519,745599.3
2023-01-01,A DIVISION,6,9576251.8,1.212630987,0.5517773675,11660103.107,5314993.412,954082.4
2023-09-01,B DIVISION,S Fkln,298942.2,0.548562234,0.104945679,165058.09333,32498.45,13410
2023-11-01,A DIVISION,3,5237452,0.998525408,0.3653914095,5228381.399,1940697.5958,601430.8
2023-10-01,A DIVISION,S 42nd,860871,0.4557601085,-0.1076602425,384689.027,-92027.623,7754.1
2023-07-01,A DIVISION,4,7282320.6,0.982471428,0.352484751,7140659.891,2557501.366,893242
2023-05-01,A DIVISION,6,11084305.8,1.131059619,0.662875645,12571424.287,7409723.243,1355881.1
2023-06-01,Systemwide,Systemwide,138153752.6,1.285491969,0.455127761,177595539.4,62877608.09,20568033.4
2023-02-01,A DIVISION,5,4743399.4,1.133997853,0.2705605375,5317888.922,1167368.837,565857.5
2023-06-01,B DIVISION,A,8062627.4,1.280698527,0.695089775,10280795.554,5500578.943,1465797
2023-05-01,B DIVISION,B,5105284.3,1.9516060575,1.038100328,9915705.066,5368676.793,1237543.5
2023-05-01,A DIVISION,S 42nd,750723.6,0.4694645355,-0.1045660585,344704.9621,-78530.70384,8187
2023-12-01,B DIVISION,A,7847768.9,1.3706809645,0.7704214545,10651793.044,5919687.139,1548604.6
2023-09-01,B DIVISION,JZ,2341028.7,1.424970035,0.416591198,3337534.186,971751.1392,403417.5
2023-08-01,B DIVISION,A,8155926.9,1.413583567,0.948099643,11459576.938,7648549.961,1625678.6
2023-02-01,Systemwide,Systemwide,109856947.5,1.198179441,0.444724208,131628336,48856043.97,15925002.2
2023-05-01,B DIVISION,S Fkln,393602,0.4911248975,0.0603133305,193301.32033,23734.92134,17291.5
2023-07-01,B DIVISION,F,8309432.8,1.588525189,0.1642254305,13053772.173,1233868.5777,1457439.5
2023-05-01,B DIVISION,M,4372635.5,1.8342860375,0.3625368975,7944146.752,1571998.2126,918569.1
2023-06-01,A DIVISION,S 42nd,779598.8,0.436837826,-0.103120806,332224.2465,-80114.60934,6501.8
2023-02-01,B DIVISION,S Fkln,301133.1,0.486355294,0.031560761,145897.4945,9530.427333,9009.3
2023-04-01,B DIVISION,N,4535447.9,1.4128696145,0.478623527,6387489.438,2127846.9327,782541.4
2023-10-01,B DIVISION,A,8765890.3,1.1991338485,0.9158282785,10410020.874,7908088.34,1688383
2023-03-01,B DIVISION,A,8134713.6,1.2796817835,0.884059357,10286056.051,7222111.833,1565637.2
2023-10-01,B DIVISION,JZ,3035458.9,2.425219957,0.53127589,7411652.492,1618937.4546,603734.5
2023-03-01,B DIVISION,W,2866517.9,1.126012712,0.1194227755,3209675.386,339738.9,332993.4
2023-02-01,B DIVISION,A,6274035,1.219499354,0.7756449995,7574383.879,4812231.054,1137722.8
2023-02-01,B DIVISION,JZ,2357854.2,1.251667226,0.445816494,2926392.304,1058091.428,400733.4
2023-02-01,B DIVISION,S Rock,36094.3,0.7569458585,-0.9746836545,27260.38983,-35191.04833,3321
2023-06-01,B DIVISION,N,5271034,1.494204577,0.564300802,7852988.47,2947328.246,1025421.4
2023-09-01,A DIVISION,2,5255559.5,1.298655112,0.3671284445,6821831.564,1906153.256,734831
2023-12-01,B DIVISION,S Fkln,360782,0.846552733,0.0162474445,305775.5533,5734.364833,16473.8
2023-01-01,B DIVISION,G,2784271.4,0.972560877,0.6104255845,2708229.464,1673479.3995,473242.5
2023-03-01,B DIVISION,S Fkln,385100.5,0.5422284635,-0.0106663975,207212.17553,-4194.2601667,14696.7
2023-02-01,A DIVISION,3,3953015.9,0.8287842525,0.333431375,3260641.154,1328606.7235,388810.7
2023-01-01,B DIVISION,B,4491122.6,1.5324224705,0.799216586,6783400.077,3599424.643,928815.8
2023-08-01,A DIVISION,2,6539982.2,2.238762895,0.3729873725,14702211.34,2423055.802,917214.4
2023-05-01,B DIVISION,F,9293434.2,1.4632383985,0.2440138235,13528790.829,2160585.7095,1640170.2
2023-07-01,B DIVISION,G,2752044.6,1.26046522,0.740664462,3449528.641,1997788.925,506448.3
2023-12-01,A DIVISION,4,7309360.7,1.08303124,0.3969413205,7913207.862,2900883.858,988378.9
2023-03-01,B DIVISION,B,4940839.1,2.1002909065,0.8712655825,10205403.281,4423257.713,1156301.1
2023-05-01,B DIVISION,R,7796063.1,1.6558567755,0.2268189705,12866004.731,1717689.8828,1504524.2
2023-08-01,B DIVISION,R,8067041.5,1.60390503,0.084379553,12929022.296,676717.3885,1577459.6
2023-06-01,A DIVISION,2,6857406.9,1.325578873,0.134209841,9109961.29,874602.4895,847414.7
2023-08-01,B DIVISION,S Rock,72190.1,0.8954215035,-0.6561974675,64195.986,-41821.86416,7949.2
2023-10-01,B DIVISION,B,5374594.6,1.5925528655,0.620467695,8433287.878,3458380.353,1125391.7
2023-08-01,A DIVISION,7,9743782.8,1.40877126,0.5220430115,13765611.832,5094239.813,1081107.5
2023-10-01,B DIVISION,N,5609430.6,1.3775044695,0.4563588935,7746176.848,2545048.915,1040642.5
2023-09-01,B DIVISION,R,7056351.3,1.3197195865,0.0458141445,9259566.617,305245.54263,1223681
2023-06-01,B DIVISION,L,6249621.2,1.0938874535,0.5665867045,6840124.043,3539299.033,551707
2023-02-01,B DIVISION,B,3866378.2,1.6495495885,0.7351072575,6349470.16,2923213.6778,837569.1
2023-07-01,B DIVISION,JZ,2652816.1,1.6101003435,0.3345793265,4278066.268,886631.3073,496406.9
2023-09-01,A DIVISION,3,4057610.1,1.026957219,0.342709317,4197578.943,1408861.5551,468776.5
2023-03-01,B DIVISION,R,7792946.2,1.747881421,0.192171782,13549239.058,1472969.1132,1504029.9
2023-03-01,A DIVISION,6,11182544.2,0.978059061,0.556553052,10928534.369,6240982.027,1087595.9
2023-07-01,B DIVISION,L,5847836,0.7632265115,0.4923787885,4463317.406,2878576.407,397629.2
2023-03-01,A DIVISION,S 42nd,751764.2,0.4863855525,-0.1029315825,352522.5631,-77939.86983,8820
2023-08-01,A DIVISION,4,7559819.1,0.9499380055,0.395724861,7185875.156,2995156.765,916429.4
2023-01-01,B DIVISION,C,4213318.1,1.655236317,0.5301887195,6976304.962,2253909.0775,737581.1
2023-01-01,A DIVISION,S 42nd,735193.2,0.442915217,-0.1039859205,318157.0018,-76876.03366,9874.5
2023-02-01,B DIVISION,E,10680298.5,0.982303457,0.316131383,10434801.907,3059286.846,1422635.7
2023-06-01,B DIVISION,R,7686712,1.6764894025,0.1936686985,12849352.379,1468649.8385,1517252.7
2023-09-01,B DIVISION,G,2289466.8,1.1300019665,0.782879531,2589335.901,1780481.609,406103.6
2023-06-01,B DIVISION,B,5041014.7,1.7843441445,0.9045128955,8884781.872,4576760.406,1174113.3
2023-05-01,B DIVISION,W,2844084.3,1.237230738,0.110167408,3450716.973,284745.40033,338884.8
2023-09-01,Systemwide,Systemwide,108177842.2,1.230818778,0.567678415,133147319.5,61410226.03,16826522.3
2023-10-01,A DIVISION,5,6472904.1,1.19409278,0.4371975835,7657060.131,2725740.311,839591.4
2023-08-01,A DIVISION,5,5928282.7,1.177568027,0.3637503265,6913876.847,2079664.348,726612.1
2023-02-01,B DIVISION,N,4153759.4,1.569792063,0.658849401,6560988.847,2729955.497,746721
2023-11-01,B DIVISION,F,9705143,1.317016928,0.360089047,12702212.847,3379949.5805,1702586.8
2023-09-01,A DIVISION,S 42nd,616977.5,0.4865122665,-0.1169695825,294372.4428,-72124.24217,5970.9
2023-12-01,B DIVISION,JZ,2690914.1,1.890354875,0.626636445,5049994.514,1683883.1067,557021.3
2023-05-01,B DIVISION,L,6304639,0.712946578,0.574404,4489303.453,3606178.839,455022.7
2023-04-01,A DIVISION,6,9977417.4,1.0463423385,0.5744064065,10455720.691,5747149.585,993511.3
2023-01-01,A DIVISION,5,5510736.4,1.172359319,0.528332821,6459962.646,2969334.178,684848.2
2023-11-01,B DIVISION,E,7535645,1.0314708375,0.356567373,7774497.447,2701049.6655,1081324
2023-08-01,A DIVISION,S 42nd,801780,0.471838769,-0.111212552,374771.7245,-88603.47633,8514.1
2023-01-01,B DIVISION,F,8070896.9,1.3292622565,0.084391556,10630450.579,545335.663,1211172.5
2023-10-01,A DIVISION,2,6977336.5,1.5799390105,0.5362156265,10987293.979,3739486.459,1141917.3
2023-08-01,B DIVISION,M,3876994.9,1.838916194,0.061032207,7091634.891,220846.45663,793784.9
2023-03-01,B DIVISION,Q,6982909.3,1.400451637,0.586124421,9773741.773,4136235.995,1382756
2023-06-01,A DIVISION,7,9691040.9,1.2894239095,0.4370118585,12632344.092,4278579.172,1070132.1
2023-03-01,B DIVISION,F,9278113,1.5039305305,0.20350404,13927686.176,1795813.1228,1634907.5
2023-08-01,B DIVISION,N,5405783.1,1.835426044,0.4788480915,9921894.545,2588464.981,1044576
2023-12-01,B DIVISION,Q,6527672.7,1.580868879,0.335042479,10332774.173,2216952.4543,1350708.7
2023-04-01,B DIVISION,W,2529763.1,1.075459768,0.0027904805,2678089.637,-22350.5057,277607.2
2023-08-01,B DIVISION,S Fkln,365950.7,0.543659052,0.0990193615,200835.9768,36473.12316,18683.7
2023-07-01,B DIVISION,A,7475298,1.233463611,0.612026558,9131985.704,4403300.32,1304806.7
2023-03-01,B DIVISION,C,4593972.7,1.5990290825,0.573995599,7347419.457,2642530.96,821003.3
2023-05-01,A DIVISION,5,5883650.9,0.898964879,0.3642176265,5176584.572,2075778.1553,702847.6
2023-10-01,B DIVISION,M,2241236.6,1.457792224,0.060508404,3326282.577,139603.1235,315138.6
2023-06-01,B DIVISION,C,4716040.1,1.7019657295,0.5033750495,8025561.966,2437646.2167,876613.9
2023-11-01,B DIVISION,A,8459644,1.1824982965,0.7579028235,9912887.073,6299037.904,1543248
2023-08-01,B DIVISION,D,6072662.6,1.456252346,0.493619616,8872456.375,3008020.041,1269187.9
2023-10-01,A DIVISION,6,12192714.9,1.144365378,0.6803567705,13955304.078,8316147.557,1479425
2023-09-01,A DIVISION,1,8147644.5,1.15793223,0.715129947,9435990.644,5825788.326,997778.5
2023-08-01,B DIVISION,W,2750061,1.22883349,0.1749388515,3435218.47,479045.1755,325421.6
2023-12-01,B DIVISION,S Rock,42486,0.745805433,-0.9643353885,32500.87883,-39803.33183,3797
2023-04-01,B DIVISION,M,3958102.3,1.804808699,0.220264974,7096139.774,855464.042,807029.2
2023-02-01,A DIVISION,7,7428902.6,0.8453402605,0.6189409385,6269463.151,4660987.064,808719.5
2023-06-01,B DIVISION,M,4291178.2,1.841182105,0.4269714355,7860494.91,1832317.2499,929934.4
2023-04-01,A DIVISION,4,6971396.6,0.927795229,0.3524398,6465909.126,2456103.931,805506
2023-02-01,B DIVISION,M,2883091,1.7522207095,0.195219836,4998367.083,549965.3221,575285.2
2023-07-01,B DIVISION,S Fkln,355326,0.5924784285,0.087049103,211228.4,30989.62933,17660.1
2023-12-01,B DIVISION,G,2900203.8,1.3805069075,0.858505484,4054817.605,2487181.928,543747.3
2023-11-01,B DIVISION,C,4958919,1.5347323735,0.477183351,7589226.338,2397102.4347,918141.5
2023-08-01,B DIVISION,Q,6972181.7,1.430074911,0.4951084575,9970334.142,3441229.609,1404952.3
2023-12-01,Systemwide,Systemwide,129793018.1,1.493191773,0.533072115,193805866.8,69189038.68,22302612.7
2023-11-01,B DIVISION,D,5878613,1.625975195,1.008196317,9586435.729,5950641.483,1332878.4
2023-04-01,B DIVISION,A,7311650.6,1.1410084575,0.6221898325,8251236.628,4431407.534,1195461.5
2023-07-01,A DIVISION,2,6114891.3,1.23743265,0.267497319,7524362.308,1576346.7875,822657.8
2023-08-01,B DIVISION,JZ,2833520.4,1.375163762,0.1911494005,3894139.014,539377.8922,485490.7
2023-11-01,B DIVISION,W,3371450,0.865203578,0.103048971,2920600.585,343433.947,331016.5
2023-04-01,A DIVISION,3,4465715.8,1.1190934505,0.3768984665,5042269.298,1730007.0338,520157.1
2023-12-01,A DIVISION,S 42nd,585651.2,0.4668607505,-0.105881924,271147.327,-62151.39967,7209.1
2023-11-01,B DIVISION,M,2196882,0.864347915,0.0751571395,1896273.3641,156080.1063,310210.4
2023-11-01,A DIVISION,2,6670862,1.2757072215,0.3907613395,8490392.603,2600935.399,947050.6
2023-06-01,B DIVISION,F,9112044.9,1.4080435655,0.2061806945,12772898.758,1764779.758,1553441.4
2023-07-01,A DIVISION,7,8946637.2,1.05919173,0.61785896,9482676.793,5518983.905,996134.3
2023-06-01,B DIVISION,S Rock,41974.5,0.958249667,-0.9789843195,41278.99034,-40197.16034,4229.7
2023-12-01,B DIVISION,C,4631814.9,1.887227584,0.4535385305,8711749.673,2132939.7458,984247.2
2023-11-01,B DIVISION,N,5384941,1.4070616945,0.4390579745,7604700.6,2370470.504,990565.4
2023-06-01,B DIVISION,W,2701657.6,1.099402994,0.1186597365,2893800.941,268239.62137,325695.8
2023-04-01,A DIVISION,2,5974956.1,1.379368417,0.364569054,8270457.731,2162624.779,840407.8
2023-12-01,B DIVISION,N,5318689.8,1.8315857875,0.5719247695,9736347.135,3030882.335,1140300.1
2023-01-01,B DIVISION,M,4124664.6,1.7137820805,0.2431470395,7052751.912,1009161.4313,821585.9
2023-12-01,A DIVISION,5,5866395.6,1.236551325,0.3477112125,7200353.993,1877101.7,791177.5
2023-09-01,B DIVISION,C,3784998.3,1.698318966,0.618923611,6400803.645,2379551.4035,758247.3
2023-01-01,A DIVISION,4,6976875.9,1.1136256635,0.5600259215,7773628.074,3915283.217,863520.1
2023-02-01,B DIVISION,Q,5505552.9,1.6505096235,0.6325733875,9164720.958,3514568.815,1122647.3
2023-12-01,A DIVISION,3,4859619.8,1.0698036745,0.387719124,5181858.132,1895379.8408,585594.1
2023-01-01,A DIVISION,3,4771597.6,0.8305978525,0.296638207,3968047.464,1419678.2552,462589
2023-12-01,B DIVISION,M,2126612.2,2.019906751,0.0857250625,4283764.294,181843.82716,446300
2023-10-01,Systemwide,Systemwide,146739785.1,1.370222614,0.543515954,201066171.9,79755414.34,22765442
2023-06-01,A DIVISION,4,8275396.7,0.8794327335,0.28918913,7276178.451,2392938.795,919294.7
2023-10-01,B DIVISION,D,6403833.6,1.640663655,0.8472541625,10569371.444,5458619.491,1478416
2023-06-01,B DIVISION,Q,6785958.7,1.3346769055,0.479921611,9053286.278,3260037.386,1295853.9
2023-10-01,B DIVISION,G,3167193.6,1.281510675,0.8157424915,4107644.461,2570668.121,553580.8
2023-11-01,B DIVISION,L,6477617,0.8616528395,0.658445399,5578891.586,4261897.81,559643.6
2023-12-01,B DIVISION,D,5418818.3,1.8591745265,0.9042181285,10090231.985,4906928.686,1351085
2023-02-01,B DIVISION,D,4339375.1,1.4430474195,0.6116347015,6245453.251,2650177.038,891580.4
2023-10-01,A DIVISION,7,10218359.4,2.130989227,0.5724515155,22123123.51,5822251.889,1237508.7
2023-07-01,B DIVISION,Q,6551412,1.587247854,0.504713847,10399150.072,3315972.56,1360491.6
2023-10-01,B DIVISION,W,3432986.2,0.8403548955,0.2425240575,2890013.918,831961.5343,379563.3
2023-10-01,B DIVISION,S Fkln,404230.4,0.4743708555,0.0595196905,191361.24747,24098.35333,19391.2
2023-10-01,A DIVISION,3,5382694,1.2799664265,0.477001689,6836736.139,2597878.453,707129.8
2023-07-01,B DIVISION,S Rock,55852,1.343924187,-0.746190127,74931.1145,-39737.33916,6448.9
2023-07-01,A DIVISION,5,5559989.1,1.026384984,0.2425654395,5637960.984,1256899.8563,649644
2023-06-01,B DIVISION,E,7617375.3,1.329696737,0.802375991,10095244.42,6028395.465,1349871.9
2023-04-01,B DIVISION,L,5800822,0.6624035305,0.597414872,3842461.441,3458233.681,431377.3
2023-11-01,B DIVISION,S Rock,42186.9,0.9392964105,-0.888182018,39004.5085,-37080.19817,4029.1
2023-09-01,B DIVISION,A,6621392.4,1.325148717,1.082832882,8740459.31,7103662.29,1370481.4
2023-05-01,B DIVISION,JZ,2954937.3,1.6511468505,0.3611379005,4882988.109,1062880.4244,535215.7
2023-04-01,B DIVISION,S Rock,37786,0.6854871015,-0.99621924,25886.17617,-37198.38567,3114.1
2023-08-01,B DIVISION,B,4591748.9,1.5338231985,0.660961383,6957544.656,3044339.649,910601.7
2023-08-01,A DIVISION,3,5113179.7,2.068803422,0.392061815,10655357.103,2005317.4887,630813.2
2023-09-01,B DIVISION,M,1680094.2,1.0315370055,0.140451272,1734203.4837,231247.09783,247612.9
2023-02-01,B DIVISION,W,2197668,1.258156775,0.1878850815,2770932.129,398880.3201,239003.7
2023-01-01,B DIVISION,S Fkln,344001,0.464665216,0.1033423395,159654.33983,35559.12733,12462.2
2023-08-01,Systemwide,Systemwide,136755279.3,1.463283374,0.469196049,200111726.4,64165036.79,21017451.1
2023-03-01,B DIVISION,S Rock,41733.5,0.8682962345,-0.8926315985,36814.665,-36636.42933,3482.1
2023-08-01,A DIVISION,6,10451121.5,1.215213943,0.5873664765,12696285.112,6132304.75,1212219.6
2023-07-01,B DIVISION,W,2547683,1.171110064,0.1655624035,2961417.87,411102.0832,315961.9
2023-09-01,A DIVISION,5,4728751.4,1.076503246,0.3169859815,5082561.391,1441551.6776,565985.8
2023-06-01,B DIVISION,D,5730802.6,1.659781072,0.8993764775,9557968.235,5189126.535,1340007.6
2023-10-01,B DIVISION,S Rock,48032.6,1.101134286,-0.889579342,51949.18483,-41071.53517,4990.3
2023-02-01,B DIVISION,F,7258005.1,1.488577596,0.149357,10737356.836,964357.8427,1251708.9
2023-04-01,B DIVISION,F,8345001.9,1.3843138635,0.154093202,11481293.126,1194219.4928,1345116.5
2023-12-01,B DIVISION,B,4692289.2,1.8633182225,0.7848138275,8680026.346,3817221.653,1147354.7
2023-05-01,B DIVISION,D,5990058.4,1.9350626,1.1966376795,11643682.606,7212832.117,1543541.5
2023-02-01,A DIVISION,1,7927774.4,0.9821166985,0.670128788,7747642.504,5282424.293,863419.5
2023-10-01,A DIVISION,4,8493007.4,1.0916753475,0.4716936135,9270696.347,4005833.777,1114671.8
2023-03-01,B DIVISION,JZ,3055567.8,1.1084164765,0.3240820815,3367107.96,1016837.298,501430.7
2023-03-01,B DIVISION,D,5996667.4,1.6858677845,0.7805186595,10115614.64,4682342.157,1377224.3
2023-01-01,A DIVISION,2,8168292.5,1.1466512845,0.295563534,9327605.605,2390665.292,1059623.7
2023-12-01,B DIVISION,E,6449540,1.144058187,0.3115493755,7372577.944,1749131.6927,951132.2
2023-08-01,B DIVISION,F,9261612.9,1.5230512205,0.27695341,14073911.51,2527710.721,1700956.6
2023-06-01,B DIVISION,JZ,2807370.8,1.3185469685,0.2201140925,3693280.214,614785.2332,494904.9
2023-12-01,A DIVISION,2,6356292.7,1.355972307,0.4476223015,8581160.764,2789722.73,972523
2023-04-01,A DIVISION,1,9200058.7,1.0262416295,0.6795092575,9443528.822,6245510.916,1019272.5
2023-08-01,B DIVISION,E,7949577.5,1.04514033,0.425641876,8308510.068,3384191.0752,1176918.9
2023-05-01,B DIVISION,N,5272983.8,1.6125227635,0.7682621585,8468200.274,4010705.579,1034630.7
2023-08-01,B DIVISION,L,6364633.6,0.7752089495,0.541036193,4943337.07,3466771.892,462193.6
2023-01-01,A DIVISION,7,8596962.5,0.941210562,0.619865936,8027062.763,5371509.285,932698.3
2023-04-01,B DIVISION,D,5543650,1.347652511,0.5274947505,7514962.988,2939674.24,1087110.1
2023-10-01,A DIVISION,1,11081369.1,1.0475618455,0.744005687,11610685.483,8238978.71,1343645.2
2023-10-01,B DIVISION,F,10151404.8,1.521238795,0.522375625,15361704.174,5241045.141,1882203.4
2023-11-01,A DIVISION,7,9373728,1.263101772,0.5504071155,11962538.929,5211314.422,1054457.7
2023-10-01,B DIVISION,Q,7346812.9,1.482870193,0.353729055,10878878.475,2620451.2327,1459687
2023-09-01,B DIVISION,D,4478595.7,1.6980717725,0.884837768,7645238.864,3973562.248,1038758.1
2023-03-01,Systemwide,Systemwide,138264969.6,1.306170535,0.545145049,180597629.4,75374463.58,21134119.3
2023-01-01,B DIVISION,W,2754694.5,0.8736041985,-0.011043146,2390219.993,-39946.70837,262022.4
2023-08-01,B DIVISION,C,4749267.2,1.7489052145,0.6518021405,8268169.274,3138112.038,988309.5
2023-04-01,B DIVISION,R,6908347.5,1.557641457,0.0874330095,10708822.308,566881.40033,1272691.6
2023-06-01,A DIVISION,1,10698680.9,1.197295627,0.6402474515,12871034.129,6845678.57,1130234.6
2023-03-01,B DIVISION,M,4473800.6,2.559736004,0.3873608325,11348968.225,1757236.2315,1030935.7
2023-09-01,B DIVISION,E,6071194.7,0.985708193,0.475323733,5985638.455,2897418.7928,910666.3
2023-04-01,Systemwide,Systemwide,123319690.6,1.183346716,0.44441776,145929950.8,54805460.6,17644328.3
2023-01-01,B DIVISION,L,5881998.6,1.375355522,0.703968567,8104056.029,4142818.597,534724.7
2023-04-01,A DIVISION,7,8487992.5,1.00604485,0.473797302,8629866.648,4048644.984,908682.5
2023-01-01,B DIVISION,N,4857070.4,1.2226789755,0.4117594925,5933679.377,1968977.874,769594
2023-11-01,A DIVISION,6,11367288,1.2597599735,0.7410238075,14341064.101,8448115.391,1580730.3
2023-06-01,B DIVISION,S Fkln,380546.1,0.50323052,0.101221761,191512.44587,38513.9365,15755.4
2023-01-01,B DIVISION,JZ,2718285.8,1.1021956555,0.373900488,2990466.786,1024397.6726,438545.3
